text,label,notes
"Q4_K_M barely moves perplexity on Llama-3-8B — I measured 6.14 vs 6.09 at fp16 on wikitext. The K-quants keep the salient weights in higher precision, which is why the gap is so small.",ANALYSIS,
"Switched llama.cpp -> vLLM on my 3090 and Qwen2.5-7B went from 34 to 61 tok/s at batch 1. Paged attention cuts the KV-cache fragmentation, that's most of the win.",ANALYSIS,
"The MMLU number people keep quoting for this model is the 5-shot CoT score. The 0-shot in the paper's appendix is 8 points lower, so head-to-head with GPT-4 isn't apples to apples.",ANALYSIS,
On a single 24GB card you can't fit 70B at Q4 with any real context — KV cache for 8k ctx alone is ~2.5GB and weights are already ~20GB. You need offload or a second card.,ANALYSIS,
"exl2 at 4.65bpw fits 34B in 24GB with 16k context for me, and quality is basically indistinguishable from 5bpw on my eval set (78% vs 79% on my 50-question rubric).",ANALYSIS,
Speculative decoding with a 1B draft model got me ~1.8x on Llama-3-70B because the draft accepts ~70% of tokens on my workload (mostly code). On creative writing acceptance drops and the speedup nearly vanishes.,ANALYSIS,firsthand + numbers + caveat
"Flash attention 2 isn't supported on P40s — they're Pascal, no bf16 and no FA2 kernels. That's why your 3090 crushes the P40 even at the same VRAM.",ANALYSIS,
Rope scaling to 32k degrades needle-in-haystack recall past ~16k in my tests; retrieval accuracy fell from 95% to ~60% at the far end. The model wasn't trained that long so it's extrapolating.,ANALYSIS,
I ran the same 200 prompts through Gemma-2-9B and Qwen2.5-7B. Qwen won on the coding subset (41/50 vs 33/50) but Gemma was better on the summarization ones (44/50 vs 38/50).,ANALYSIS,
"AWQ vs GPTQ on my setup: AWQ was ~10% faster decode on the 4090 and matched GPTQ on accuracy, because AWQ keeps activation-aware salient channels in fp16 so the kernel stays simpler.",ANALYSIS,
"The reason your tok/s tanks at long context is the KV cache, not the weights. It grows linearly with sequence length, so by 16k you're memory-bandwidth bound. Quantizing the KV cache to Q8 got me back ~20%.",ANALYSIS,
"DeepSeek-V2's MoE only activates 21B of 236B params per token, which is why it runs faster than a dense 70B despite the huge total size — fewer FLOPs per forward pass.",ANALYSIS,
"Tested temperature 0 vs 0.7 on a JSON extraction task: temp 0 gave 49/50 valid JSON, temp 0.7 dropped to 41/50. For structured output low temp is just better, sampling adds nothing.",ANALYSIS,
"Mistral-7B-v0.3 has a 32k context but it's sliding-window attention with a 4k window, so true long-range recall is weaker than the context number suggests. I saw recall drop sharply past 4k.",ANALYSIS,
"My RAG latency was dominated by the embedding step, not the LLM. Switching from a 7B embedder to bge-small (33M) cut retrieval from 800ms to 60ms with no measurable hit to recall@5.",ANALYSIS,
"Llama-3 uses a 128k vocab vs Llama-2's 32k, so it encodes the same text in fewer tokens — I see ~15% fewer tokens on English, which is effectively a free context and speed boost.",ANALYSIS,
"Batching is why vLLM beats llama.cpp on a server: at batch 32 the 4090 stays compute-bound and hits ~2000 tok/s aggregate, while llama.cpp single-stream leaves the GPU idle between tokens.",ANALYSIS,
"I fine-tuned with LoRA rank 16 vs rank 64 on the same 2k examples. Rank 64 overfit (val loss climbed after epoch 2) while rank 16 kept improving. For a small set, lower rank generalized better.",ANALYSIS,
"Q2_K is genuinely bad — perplexity on Llama-3-8B jumped from 6.1 (Q4) to 9.8 (Q2). Below Q3 you're trading away real capability, the model starts dropping instructions.",ANALYSIS,
The 'it's slow on Ollama' complaints are usually because Ollama defaults to a 2048 context and reloads the model on each call. Set num_ctx and keep_alive and most of that disappears — went from 4s to 0.3s overhead for me.,ANALYSIS,
"Phi-3-mini punches above its size on benchmarks because it's trained on heavily filtered 'textbook' data, but I find it brittle on anything off-distribution — it failed 7/10 of my real support tickets while Llama-3-8B handled them.",ANALYSIS,
"Offloading 20 of 33 layers to GPU on a 12GB card got me 11 tok/s on a 13B; full CPU was 2.3. The bottleneck is the CPU<->GPU transfer per token for the offloaded layers, so partial offload has diminishing returns.",ANALYSIS,
"Grouped-query attention is why Llama-3-70B's KV cache is so much smaller than you'd expect — 8 KV heads instead of 64, so the cache is 8x smaller than full multi-head at the same context.",ANALYSIS,
I benchmarked llama.cpp's Q4_0 vs Q4_K_M: K_M was ~5% slower decode but clearly better quality on my reasoning prompts (got 3 more of 20 right). The extra block-wise scales are worth the small speed cost.,ANALYSIS,
"CodeQwen-7B beat DeepSeek-Coder-6.7B on my internal HumanEval-style set (38/40 vs 34/40), but DeepSeek was better at filling in the middle. They were trained with different FIM objectives, which shows.",ANALYSIS,
Setting --n-gpu-layers too high silently spills to shared memory on Windows and tanks speed instead of erroring. I dropped from 33 to 28 layers and tok/s tripled because it stopped paging.,ANALYSIS,
"The reason Q4 quantized models sometimes loop is that quantization flattens the logit distribution slightly, so with greedy decoding ties resolve to repeats. A small repetition penalty (1.1) fixed it for me.",ANALYSIS,
Yi-34B's long-context claim held up better than most in my testing — it actually recalled facts at 32k (90%+) where a lot of 'long context' models collapse. They continued pretraining at length rather than just rope-scaling.,ANALYSIS,
"LoRA merges back into the base with zero inference overhead because it's just W + BA folded into W. That's the whole point — you only pay the cost during training, not at serve time.",ANALYSIS,
"On an M2 Max the unified memory lets you run 70B Q4 at ~8 tok/s, which a 16GB discrete GPU just can't touch for that model size. Bandwidth is ~400GB/s, that's what's carrying it.",ANALYSIS,
I A/B'd two system prompts on 100 chats: the concise one had 12% fewer refusals and identical task success. Long 'you are a helpful assistant...' preambles mostly waste context and nudge it toward hedging.,ANALYSIS,
"Quantizing the KV cache to Q4 saved me ~40% VRAM at 32k context but dropped long-range recall noticeably (needle test fell ~15 points). Q8 KV was the sweet spot — half the savings, no measurable quality loss.",ANALYSIS,
Gemma-2 uses logit soft-capping during training; if you run it without the cap in an old llama.cpp build the outputs degrade. Updating to a build that implements capping fixed the gibberish I was seeing.,ANALYSIS,
"The 70B feels 'smarter' than the 8B on ambiguous instructions specifically because of in-context reasoning depth — on my 30 trick prompts the 70B got 24 vs the 8B's 14. Size buys robustness, not just facts.",ANALYSIS,
"Continuous batching is the single biggest server-throughput lever. Same 4090, same model: static batching gave ~900 tok/s aggregate, continuous batching ~1700, because finished sequences free slots immediately.",ANALYSIS,
"Mixtral 8x7B is ~13B active params, so it decodes at roughly 13B speed (~45 tok/s on my 3090 with offload) while answering like something bigger. The tradeoff is you still need VRAM for all 47B of weights.",ANALYSIS,
I tried int8 vs Q4 for a classification fine-tune: int8 was barely better on accuracy (91 vs 90) but 2x the VRAM. For deployment on one card Q4 was clearly the right call.,ANALYSIS,
"nous-hermes finetunes follow multi-turn instructions better than the base in my testing because they're trained on long assistant transcripts; base Llama drifts off the format by turn 4, the finetune holds to turn 10+.",ANALYSIS,
"The '128k context' on most local models is theoretical — past ~32k my throughput drops below 5 tok/s and recall degrades, so effective usable context on a 24GB card is way under the spec number.",ANALYSIS,
"DRY sampling killed the repetition problem better than rep-penalty for me because it penalizes repeated sequences not just tokens, so it stops the model looping whole phrases while leaving normal word reuse alone.",ANALYSIS,
"Running two 3090s with tensor parallelism on vLLM nearly doubled throughput on 70B (NVLink helps), but with llama.cpp's layer split I only got ~1.3x because the layers run sequentially across cards, not in parallel.",ANALYSIS,
Whisper large-v3 is overkill for clean English — distil-large-v2 ran 4x faster on my 3060 with <1% WER difference on my test audio. The distilled model drops decoder layers that barely matter for clear speech.,ANALYSIS,
"The instruct tuning is why base models 'can't chat' — base Llama-3 completes text, it was never trained to answer. Feed it a few-shot Q/A format and it works fine, which proves it's a format issue not a capability one.",ANALYSIS,
"EXL2's measurement step lets you mix bitrates per layer, so 4.0bpw EXL2 often beats a flat 4-bit GPTQ on quality — it spends more bits on the layers that need them. I saw a clear win on my perplexity check.",ANALYSIS,
"I measured prompt-processing vs generation separately: on a 4090 prompt eval is ~3000 tok/s but generation is ~80 tok/s, because prefill is parallel over the prompt while decode is one token at a time.",ANALYSIS,
Llama-3-8B-Instruct refuses way less if you don't include the default safety preamble — I ran 50 borderline-but-benign prompts and refusals dropped from 18 to 4 just by trimming the system prompt.,ANALYSIS,
The reason your finetune 'forgot' general knowledge is catastrophic forgetting — full fine-tuning on a narrow set overwrites the base. LoRA avoided it for me because the base weights stay frozen.,ANALYSIS,
"Qwen2.5-Coder-32B actually matched GPT-4o on my repo-level tasks (passed 17/20 vs 18/20), specifically on the ones needing the whole-file context. Smaller coders failed those because they lost track past a few hundred lines.",ANALYSIS,
"Speculative decoding gives zero benefit if your draft and target tokenizers differ — the tokens don't align so nothing gets accepted. They have to be from the same family, which is why people pair 1B+70B Llama.",ANALYSIS,
"Setting n_batch higher in llama.cpp sped up my prompt processing a lot (512 -> 2048 took prefill from 9s to 3s on a 4k prompt) but didn't touch generation speed, since that's still token-by-token.",ANALYSIS,
"I compared Q5_K_M and Q6_K on a 13B and honestly couldn't measure a quality difference (both 16/20 on my reasoning set), so Q5 is the better pick — same quality, less VRAM, slightly faster.",ANALYSIS,
"The Tesla P40 is cheap-per-GB but its fp16 is gimped (1:64 ratio), so it's only good for fp32/int8 paths. That's why people report it being slow despite the 24GB — the math units aren't there for modern kernels.",ANALYSIS,
"Llama-3.1's 128k context actually worked in my long-doc QA (recalled details at 100k+, ~85%) where 3.0 fell apart past 8k. They did the long-context continued pretraining properly this time.",ANALYSIS,
"Reducing max_tokens doesn't speed up per-token generation, it just stops sooner — people confuse the two. Your tok/s is fixed by the model+hardware; capping length only caps total wall time.",ANALYSIS,
"FP8 on Ada cards (4090) is real hardware acceleration, not emulated, so FP8 inference there is genuinely fast. On a 3090 (Ampere) FP8 falls back to emulation and you lose the benefit — checked with nvidia-smi util.",ANALYSIS,
My agent loop was slow because it re-sent the whole history each step; switching to prompt caching cut prefill cost ~80% since the static system+tools prefix gets reused instead of recomputed every turn.,ANALYSIS,
"Gemma-2-27B beat Llama-3-8B on my multilingual eval by a wide margin (German/Spanish accuracy ~20 points higher) — it's the larger multilingual pretraining mix, the 8B is much more English-centric.",ANALYSIS,
I quantized my own finetune with imatrix calibration on in-domain text and the Q4 came out noticeably better than a generic Q4 (2 more right of 20) because the importance matrix matched my actual use case.,ANALYSIS,
Running the model with --no-mmap actually helped on my machine with fast RAM because mmap was causing page faults under memory pressure; load was slower but generation was steadier. YMMV with slow disks.,ANALYSIS,
Llama-3-70B at IQ2_XXS fits in 24GB and is shockingly usable — got 14/20 on my reasoning set vs the 8B Q8's 11/20. The i-quants with imatrix preserve more than the old Q2_K at the same size.,ANALYSIS,
"The 'tiny model beats GPT-4' headlines are almost always one cherry-picked benchmark. On a broad 6-task suite the 7B trailed by 15+ points on every task except the one it was tuned for. Read the full table, not the tweet.",ANALYSIS,
"Tokenizer matters for non-English: Llama-3 uses ~2x fewer tokens than Llama-2 on Japanese in my test, so the same context window holds twice the text and costs half as much to process.",ANALYSIS,
vLLM's prefix caching gave me a big win on a chatbot with a fixed long system prompt — TTFT dropped from 1.2s to 0.2s on repeat calls because the shared prefix's KV is cached instead of recomputed.,ANALYSIS,
"I tested 'thinking' prompts on Qwen: adding 'reason step by step' lifted my logic-puzzle accuracy from 12/25 to 19/25, but had no effect on factual recall questions. CoT helps reasoning, not memory.",ANALYSIS,
"ExLlamaV2 is faster than llama.cpp on pure-GPU 4090 runs in my tests (78 vs 64 tok/s on a 13B) but llama.cpp wins the moment you need CPU offload, which ExLlama doesn't really do.",ANALYSIS,
My OOM at 'only' 20GB used was fragmentation — PYTORCH_CUDA_ALLOC_CONF=expandable_segments let the same workload fit. The allocator was holding fragmented blocks it couldn't reuse for the big KV tensor.,ANALYSIS,
"Distilling my 70B's outputs into a 7B LoRA actually transferred most of the task quality (7B finetune hit 88% of the 70B's score on my eval) — the small model just needed the right supervision, not more params.",ANALYSIS,
"Since Q4 preserves the outlier channels in higher precision, why does my 70B still OOM at 24GB? Because the weights are ~20GB and the 16k KV cache adds ~5GB — quantizing weights doesn't shrink the cache.",ANALYSIS,Q from M1 'questions' edge case: embeds a real supported claim -> ANALYSIS
"BitsAndBytes 4-bit (nf4) was slower for me than a GGUF Q4 at the same quality — nf4 dequantizes on the fly in fp16 every forward pass, while GGUF kernels operate on the quantized blocks directly.",ANALYSIS,
"I ran the lmsys-style pairwise eval locally and Llama-3-70B won 58% vs Mixtral on my 80 prompts, mostly on instruction-following — Mixtral was competitive on knowledge but drifted from the asked format more often.",ANALYSIS,
"Llama-3.1-8B at fp16 is ~16GB of weights (8B params x 2 bytes), so on a 12GB card you literally can't load it unquantized — that's just the arithmetic, not an opinion.",ANALYSIS,
Tested RAG chunk sizes: 256 tokens gave cleaner retrieval but split facts across chunks and hurt answer completeness; 384 was my sweet spot on a 60-question eval (best F1).,ANALYSIS,
Bumping vLLM --max-num-seqs from 16 to 64 doubled aggregate throughput on my 4090 (≈900 -> 1800 tok/s) because the GPU stayed saturated instead of idling between requests.,ANALYSIS,
Gemma-2-2B runs ~90 tok/s CPU-only on my i7 — I timed it — which makes it the only model here actually usable without a GPU.,ANALYSIS,
"GGUF embeds the tokenizer and metadata in the file, which is why a single .gguf 'just works' in llama.cpp while safetensors needs a separate config.json and tokenizer.json.",ANALYSIS,
"On 100 math word problems, 'think step by step' lifted Qwen2.5-7B from 52% to 71% but did nothing for Llama-3-8B (~55% both ways). CoT gains are model-dependent, I measured both.",ANALYSIS,
"The 7B felt dumber after my finetune because I trained 8 epochs on 500 examples — classic overfit, train loss hit ~0 while val loss climbed after epoch 3. Dropped to 2 epochs and it recovered.",ANALYSIS,
Embedding 50k docs with bge-large took 40 min on my 3060; switching to bge-small cut it to 9 min with recall@10 dropping only 1 point on my test queries. Smaller embedder was the right trade.,ANALYSIS,
"llama.cpp's --flash-attn gave me ~15% faster prefill on a 4090 and lower VRAM at long context, because FA avoids materializing the full attention matrix.",ANALYSIS,
"DeepSeek-Coder-V2-Lite is a 16B MoE with ~2.4B active, so it decodes about as fast as a 2-3B dense model on my setup (~70 tok/s) while coding like something larger.",ANALYSIS,
"I measured TTFT vs total latency: on a 2k-token prompt, prefill was 0.4s and generation of 300 tokens was 4s. So for short outputs prompt length dominates, for long outputs generation does.",ANALYSIS,
"Qwen2.5-72B-Instruct beat Llama-3.1-70B on my 50-item function-calling eval (46 vs 39 valid calls) — it follows the JSON schema more reliably, fewer hallucinated arg names.",ANALYSIS,
Setting rope_freq_base manually let me push Mistral past its trained context with less degradation than naive linear scaling — needle recall held to ~24k vs collapsing at 16k before.,ANALYSIS,
"A 70B at Q4_K_M is ~40GB, so it does NOT fit one 24GB card — you need two, or heavy CPU offload that drops you to single-digit tok/s. People claiming '70B on a 3090' are running tiny i-quants.",ANALYSIS,
"Whisper's word-error-rate jumped on my noisy field recordings (12% -> 31%) until I added a denoise pass; the model is trained mostly on clean audio, so SNR matters more than model size here.",ANALYSIS,
"I A/B tested greedy vs min-p 0.05 sampling on story generation: min-p had far fewer degenerate repetitions while keeping coherence, because it prunes the long low-probability tail dynamically.",ANALYSIS,
"Mixtral's router sends each token to 2 of 8 experts, so per-token FLOPs ≈ a 13B dense model even though VRAM has to hold all 47B. That's the whole speed/memory tradeoff in one sentence.",ANALYSIS,
"Converting my LoRA to GGUF and merging it let me run the finetune in llama.cpp with no adapter-loading overhead; inference matched the base model's speed exactly (tested, 0% slowdown).",ANALYSIS,
"On an RTX 3060 12GB, 13B Q4_K_M with 24 layers offloaded gave me 18 tok/s; full GPU offload OOM'd. The partial-offload bottleneck is the per-token CPU<->GPU copy for the CPU layers.",ANALYSIS,
Phi-3.5-mini scored higher than Llama-3-8B on GSM8K in my run (78% vs 71%) but lower on my open-ended support tickets — synthetic-heavy training helps clean benchmarks more than messy real tasks.,ANALYSIS,
"Prompt caching cut my agent's cost ~70% because the 3k-token tool+system prefix is identical every turn, so only the new user message gets billed at full prefill rate.",ANALYSIS,
"I checked the actual paper: the '90% HumanEval' figure is pass@10 with sampling, not pass@1. Single-shot pass@1 in the same table is 61%, which is a very different claim.",ANALYSIS,
"Stop sequences matter for throughput in agents — without a tight stop token my model kept generating past the answer, wasting ~80 tokens per call. Adding the right stop saved real latency.",ANALYSIS,
"KV-cache quantization to Q8 let me fit 32k context in 24GB where fp16 cache OOM'd at ~20k; needle recall was unchanged in my test, so Q8 cache is basically free here.",ANALYSIS,
Llama-3-8B and Mistral-7B have nearly identical params but Llama's bigger vocab (128k vs 32k) means it processes my English corpus in ~12% fewer tokens — measured on the same 10k docs.,ANALYSIS,
Continuous batching is why my server's p99 latency dropped under load: finished sequences free their slot immediately instead of the whole batch waiting for the longest one. Saw p99 fall ~40%.,ANALYSIS,
"I ran the same prompt at temp 0 five times and got identical output (as expected with greedy), but at temp 0.7 got 5 different answers — so 'flaky' results in a pipeline are almost always nonzero temp.",ANALYSIS,
"Command-R was clearly better at my grounded-RAG eval (cited the right chunk 44/50) than Llama-3-8B (31/50) — it's specifically trained with citation/grounding objectives, which shows.",ANALYSIS,
My finetune's accuracy on the held-out set was 91% but only 73% on real production traffic — distribution shift. The training data was cleaner and shorter than what users actually send.,ANALYSIS,
Loading a model with device_map='auto' on transformers split it across my 2 GPUs but ran them sequentially (one idle at a time); only vLLM's tensor parallelism actually used both at once. Watched nvidia-smi.,ANALYSIS,
Speculative decoding with a Q4 draft and Q8 target still gave ~1.6x on my code workload because acceptance was high (~75%); the draft's lower precision barely changed which tokens it proposes.,ANALYSIS,
"IQ3_XXS on a 70B gave me 13/20 on my reasoning rubric in 22GB, beating an 8B Q8 (11/20) in the same VRAM — i-quants with imatrix preserve more than naive Q3 at that bitrate.",ANALYSIS,
"The model looped on long outputs until I added presence_penalty 0.3; greedy decoding plus quantization flattens close logits, so ties resolve to repeats without a penalty.",ANALYSIS,
"nf4 (bitsandbytes) dequantizes to bf16 every forward pass, so it's slower than a GGUF Q4 whose kernels compute on the quantized blocks directly — I saw ~25% lower tok/s with nf4 at equal quality.",ANALYSIS,
"Yi-1.5-9B held facts at 32k context in my needle test (88% recall at the far end) where rope-scaled Mistral collapsed to ~50% — Yi was actually pretrained long, not extrapolated.",ANALYSIS,
"Batch size 8 vs 16 in my LoRA run changed nothing on final accuracy but halved memory headroom; the real lever was learning rate — 1e-4 diverged, 2e-5 was stable. Logged both runs.",ANALYSIS,
vLLM prefix caching took my chatbot's TTFT from 1.1s to 0.18s on repeat turns because the long shared system prompt's KV gets reused instead of recomputed each call.,ANALYSIS,
"The P40 is 24GB but its fp16 throughput is 1/64 of fp32, so modern fp16 kernels crawl on it — that's why people report it being slow despite the VRAM. It's an int8/fp32 card.",ANALYSIS,
I distilled my 70B's labels into a DistilBERT classifier and it hit 94% of the 70B's accuracy at 1/100th the inference cost — for a fixed-label task the big model is overkill at serve time.,ANALYSIS,
"Gemma-2 needs logit soft-capping at inference; an old llama.cpp build without it gave me gibberish, updating fixed it. The capping is part of the architecture, not optional.",ANALYSIS,
"On my 4090, FP8 inference (native on Ada) ran ~1.4x faster than fp16 with no measurable quality loss on my eval; on a 3090 FP8 was slower because Ampere emulates it. Same code, different silicon.",ANALYSIS,
Reducing max_new_tokens doesn't raise tok/s — it just stops earlier. My per-token rate stayed 42 tok/s whether the cap was 128 or 512; total time scaled with tokens actually generated.,ANALYSIS,
"Qwen2.5-Coder-7B fixed 16/20 of my real bug-repro tasks vs DeepSeek-Coder-6.7B's 12/20, but DeepSeek won on fill-in-the-middle — different FIM training objectives, visible in the failures.",ANALYSIS,
My RAG answers got worse when I raised top-k from 4 to 12: more chunks meant more distractors and the model averaged over them. Recall@k went up but answer accuracy went down. Measured both.,ANALYSIS,
"LoRA rank 8 vs 64 on my 1k-example set: rank 8 generalized better (val acc 89 vs 84), rank 64 memorized. For small data, lower rank is a regularizer, not a limitation.",ANALYSIS,
"Tokenizing Chinese, Llama-3 used ~40% fewer tokens than Llama-2 on the same passage, so the effective context and cost improved a lot for CJK even with the same window number.",ANALYSIS,
Running --n-gpu-layers 99 on an 8GB card silently spilled to shared system memory on Windows and tanked speed to 1 tok/s; capping at the layers that actually fit (28) gave 14 tok/s.,ANALYSIS,
"DRY sampling beat repetition_penalty for my long-form generation because it penalizes repeated n-grams, not individual tokens, so it stopped phrase-level loops without nuking normal word reuse.",ANALYSIS,
"I benchmarked exllamav2 vs llama.cpp on a pure-GPU 13B: exl2 78 tok/s, llama.cpp 64. But the moment I needed CPU offload, exl2 wasn't an option, so llama.cpp won by default there.",ANALYSIS,
Setting num_ctx=8192 in Ollama instead of the 2048 default stopped my long prompts from being silently truncated — that's why earlier answers 'forgot' the start of my input.,ANALYSIS,
The instruct model refused a benign medical-summary task until I removed the default safety preamble; on 30 such prompts refusals dropped from 11 to 2. The preamble itself was the trigger.,ANALYSIS,
"Grouped-query attention gives Llama-3-70B 8 KV heads instead of 64, so its KV cache is ~8x smaller than full multi-head would be at the same context — that's why it fits where you'd expect it not to.",ANALYSIS,
My agent was slow because each step re-embedded the entire conversation for memory search; caching embeddings of past turns cut per-step latency from 900ms to 120ms. Profiled it.,ANALYSIS,
Q5_K_M vs Q6_K on a 34B: I couldn't separate them on quality (both 17/20) so Q5 wins on size and speed. Above Q5 the returns are basically noise on my eval.,ANALYSIS,
"vLLM hit ~2x the tokens/sec of TGI on the same 4090 and model in my load test, mostly due to more aggressive continuous batching and paged attention. Same prompts, same hardware.",ANALYSIS,
"Whisper large-v3 vs distil-large-v2 on clean English: WER 4.1% vs 4.6%, but distil ran 4x faster on my 3060. For clear speech the distilled decoder layers barely matter.",ANALYSIS,
I measured that my 'long context' degradation was actually lost-in-the-middle: recall was 92% for facts at the start/end of a 32k doc but 48% in the middle. Reordering key facts to the edges fixed it.,ANALYSIS,
Mistral-Nemo's 12B fit my 12GB card at Q4 with 16k context and beat Llama-3-8B on my multilingual eval by ~15 points — the larger multilingual pretraining mix carries non-English.,ANALYSIS,
"Using an imatrix built from my own domain text, my Q4 quant scored 2/20 higher than a generic Q4 on in-domain prompts; the importance matrix spent precision where my data needed it.",ANALYSIS,
"Flash attention isn't available on Pascal/P40 (no supported kernels), which is the actual reason your modern 3090 crushes it even at equal VRAM — not just raw clock speed.",ANALYSIS,
"I logged GPU util during inference: single-stream llama.cpp sat at ~30% util (memory-bandwidth bound on decode), while batched vLLM pushed it to ~95%. That gap is the throughput difference.",ANALYSIS,
Switching from cosine to constant LR with warmup made my short finetune more stable — cosine decayed too fast on 300 steps and underfit. Final val acc went 82 -> 88.,ANALYSIS,
DeepSeek-V2.5 answered my repo-level questions correctly only when I fit the relevant files in context; truncating to 8k dropped accuracy from 17/20 to 9/20. The capability needs the context.,ANALYSIS,
int4 GPTQ vs int4 AWQ on my 4090: AWQ decoded ~10% faster at equal accuracy because it keeps salient channels in fp16 and uses a simpler kernel. Benchmarked 200 prompts each.,ANALYSIS,
"My TTS latency was dominated by the vocoder, not the acoustic model — swapping to a faster vocoder cut end-to-end from 1.3s to 0.5s per utterance with no audible quality drop.",ANALYSIS,
Llama-3-8B-Instruct's chat template uses specific header tokens; feeding raw text without them dropped my instruction-following accuracy hard (it completed instead of answered). Applying the template fixed it.,ANALYSIS,
"I checked: the model's 'state of the art on MMLU' claim used a different few-shot count than the comparison model. Normalizing to 5-shot for both, the gap shrank from 6 points to under 1.",ANALYSIS,
"Quantizing only the weights but keeping the KV cache fp16 is why your '4-bit' 70B still uses 25GB at long context — the cache isn't quantized, and it grows with sequence length.",ANALYSIS,
"On my 2x3090 NVLink rig, tensor parallelism gave ~1.9x on 70B in vLLM, but llama.cpp's layer split only ~1.3x because layers run sequentially across cards rather than in parallel. Same hardware.",ANALYSIS,
"A 1.1 repetition penalty fixed my code model emitting endless comment blocks; without it greedy decoding kept picking the slightly-highest repeated token. Tiny change, big behavior shift.",ANALYSIS,
"Base Llama-3 'can't chat' because it was only trained to complete text; few-shot Q/A formatting made it answer fine, which proves it's a formatting gap, not a capability one. Tested directly.",ANALYSIS,
"My embedding retrieval improved a lot after I normalized vectors and switched to cosine — with raw dot-product, longer docs dominated by magnitude. Recall@5 went 0.71 -> 0.86.",ANALYSIS,
"Gemma-2-27B beat the 9B on my hardest reasoning subset (24/30 vs 17/30) but they tied on easy factual recall — size buys robustness on the ambiguous items, not the lookups.",ANALYSIS,
Running two models on one GPU with vLLM's --gpu-memory-utilization 0.45 each worked but each got OOM-prone at long context; the cap leaves no room for KV growth. Had to lower max context.,ANALYSIS,
"I timed cold start: loading a 13B Q4 from NVMe took 4s, from a spinning disk 28s. If your 'model is slow' complaint is about the first request, it's disk I/O, not compute.",ANALYSIS,
"FP16 vs bf16 on my finetune: bf16 was more stable (no loss spikes) because of its wider exponent range, even though it has fewer mantissa bits. Same final accuracy, fewer NaNs.",ANALYSIS,
"The '128k context' worked in my long-doc QA up to ~100k (85% recall) on Llama-3.1 but throughput fell to 3 tok/s there, so it's usable but slow — both things are true, I measured them.",ANALYSIS,
Mixtral drifted from my requested output format more often than Llama-3-70B (formatting errors 14% vs 5% over 80 prompts) even though it matched on knowledge — instruction adherence differs from facts.,ANALYSIS,
"Qwen2.5 is just better than Llama 3 at everything, period.",OPINION,
"Local models will overtake the closed ones within a year, mark my words.",OPINION,
This release is massively overrated.,OPINION,
Mistral is the only lab that actually gets open source.,OPINION,
"Honestly Q4 is all anyone needs, higher quants are a waste of VRAM.",OPINION,
Ollama ruined local LLMs by dumbing everything down.,OPINION,
"70B is the sweet spot, everything smaller is a toy.",OPINION,
Benchmarks are completely meaningless at this point.,OPINION,
Gemma is underrated and nobody talks about it enough.,OPINION,
The 8B models are good enough for 99% of people honestly.,OPINION,
"Closed models are going to win, open source just can't keep up on compute.",OPINION,
"Fine-tuning is overrated, good prompting beats it almost every time.",OPINION,
"DeepSeek is clearly the best lab right now, it's not even close.",OPINION,
"MoE models are a dead end, dense is the future.",OPINION,
Anyone still using llama.cpp over vLLM is just behind the times.,OPINION,
"Phi models are pure benchmark gaming, useless in practice.",OPINION,
"This is the most important open release of the year, full stop.",OPINION,
"RAG is overhyped, long context makes it obsolete.",OPINION,
"Q8 is pointless, you'll never tell the difference from Q4.",OPINION,
The new Mistral is a huge disappointment.,OPINION,
Apple Silicon is the best value for local LLMs right now.,OPINION,
"Everyone overcomplicates this, just run Q4 and move on.",OPINION,
"Llama 4 is going to flop, Meta peaked with 3.",OPINION,
"Censored models are worthless, abliterated is the only way.",OPINION,
Small models are the only ones that matter for real deployment.,OPINION,
vLLM is overkill for 90% of use cases here.,OPINION,
The leaderboard is rigged toward whoever trained on the test set.,OPINION,
"Qwen is overrated, it just tests well.",OPINION,
Honestly cloud APIs are still better for anything serious.,OPINION,
Open weights aren't really open if you can't see the data.,OPINION,
This model is clearly trained on GPT-4 outputs.,OPINION,
"Nobody actually needs 128k context, it's a marketing number.",OPINION,
The hype around this finetune is totally unjustified.,OPINION,
Dual 3090s is the only sensible local setup in 2024.,OPINION,
"Gemma 2 is the best model in its size class, easily.",OPINION,
People are sleeping on Command-R for RAG.,OPINION,
The base models are always better than the finetunes.,OPINION,
Reasoning models are a gimmick for most tasks.,OPINION,
Honestly the 3B models have gotten good enough to replace the 7Bs.,OPINION,
This whole 'agents' trend is a bubble.,OPINION,
NVIDIA pricing is the only thing holding local back.,OPINION,
Mixtral is still the best value model nobody runs anymore.,OPINION,
"The new tokenizer is a downgrade, fight me.",OPINION,
Anyone telling you to use exllama over gguf is gatekeeping.,OPINION,
Llama is open weight.,OPINION,correct-but-bare fact edge case -> OPINION
This is going to age badly.,OPINION,
"Quantization always ruins the model, I don't care what the benchmarks say.",OPINION,
The Chinese labs are just better at this now.,OPINION,
Roleplay finetunes are the only reason this community exists lol.,OPINION,
Honestly GPT-5 is going to make all of this irrelevant.,OPINION,
This sub overhypes every single release.,OPINION,borderline meta but asserts a claim about releases -> OPINION
"AMD cards are a mistake for local LLMs, just buy NVIDIA.",OPINION,
The instruct version is always worse than the base for creative writing.,OPINION,
"Honestly we don't need bigger models, we need better data.",OPINION,
This finetune is going to be the new community default.,OPINION,
Speculative decoding is more trouble than it's worth.,OPINION,
The 1B models are genuinely useless for anything real.,OPINION,
Open source is winning and the gap is closing every month.,OPINION,
Qwen's license is the only thing stopping it from taking over.,OPINION,
Local is the only way to go if you actually care about privacy.,OPINION,
Honestly the leaderboard top 10 are all basically the same model.,OPINION,
This release proves Meta is falling behind.,OPINION,
"4-bit is a scam, run it in fp16 or don't bother.",OPINION,
The real bottleneck is VRAM and it always will be.,OPINION,
"Distillation is the future, nobody will train from scratch in 2 years.",OPINION,
Honestly Gemini is better than all of these and people won't admit it.,OPINION,
"This is peak local, it only goes downhill from here.",OPINION,
DeepSeek is going to dominate the next year.,OPINION,
The 32B class is the only one worth caring about.,OPINION,
"Everyone's benchmarks are cooked, just vibe-check it yourself.",OPINION,asserts a claim about benchmarks but the 'vibe-check' isn't support for a claim -> OPINION
Honestly the 14B class is the most underrated size in the whole ecosystem.,OPINION,
"Llama 4 will be a letdown, you heard it here first.",OPINION,
"Quantization snake oil, just use the full model.",OPINION,
Qwen is the new king and it's not particularly close.,OPINION,
"Open source caught up to GPT-4 ages ago, people just won't admit it.",OPINION,
Roleplay finetunes are objectively the most useful thing this sub produces.,OPINION,
The reasoning model hype is going to die down by next year.,OPINION,
Anyone running fp16 locally is just wasting electricity.,OPINION,
Mistral lost the plot after the first 7B.,OPINION,
Apple is quietly the best local LLM platform and nobody says it.,OPINION,
"This finetune is going to flop, the base wasn't good enough.",OPINION,
128k context is a gimmick nobody actually uses well.,OPINION,
The leaderboard is a joke and everyone knows it.,OPINION,
Smaller is the only direction that matters from here.,OPINION,
Gemma is the most slept-on model line right now.,OPINION,
Honestly local will never beat frontier APIs for real work.,OPINION,
"MoE is just a way to fake bigger models, dense is honest.",OPINION,
This release single-handedly makes my last setup obsolete.,OPINION,
DeepSeek is going to embarrass every Western lab this year.,OPINION,
The 3B models are good enough that 7Bs are pointless now.,OPINION,
Censorship ruins every official instruct model.,OPINION,
vLLM is overengineered for what most people here actually do.,OPINION,
The new tokenizer change is going to break everything.,OPINION,
Honestly nobody needs more than a 3090 for local.,OPINION,
Command-R is the only model that takes RAG seriously.,OPINION,
Finetuning is a waste of time now that prompting got so good.,OPINION,
"AMD will never be a serious option for this, just give up.",OPINION,
The base model is always smarter than the chat version.,OPINION,
This whole sub is going to look silly in two years.,OPINION,
Honestly Phi is the only lab being intellectually honest about data.,OPINION,
"Long context killed RAG, full stop.",OPINION,
"Q6 is the only quant worth running, everything below is cope.",OPINION,
The Chinese open models are just flat-out better engineered now.,OPINION,
This is the most overhyped release since the last most overhyped release.,OPINION,
Agents are a solution looking for a problem.,OPINION,
Honestly distillation is going to make training-from-scratch extinct.,OPINION,
Local image models matter more than text at this point.,OPINION,
"The 70B era is ending, 30B is the new default.",OPINION,
Nobody should trust any benchmark with the word 'eval' in it.,OPINION,
Mixtral is still better than half the new releases people fawn over.,OPINION,
"This model is clearly distilled from Claude, you can feel it.",OPINION,
Honestly Ollama is the worst thing to happen to the hobby.,OPINION,
Open weights without open data is just marketing.,OPINION,
"The real winners will be whoever solves memory, not bigger models.",OPINION,
"This finetune is going to become the community standard, calling it now.",OPINION,
Speculative decoding is too fiddly to be worth it for normal users.,OPINION,
Honestly the 1B models are toys and always will be.,OPINION,
Gemini is better than all of these and it's not close.,OPINION,
Every 'GPT-4 at home' claim is pure hopium.,OPINION,
"The VRAM bottleneck is permanent, accept it.",OPINION,
This sub will hype literally anything with a new name.,OPINION,asserts a claim about the sub's behavior -> OPINION
Honestly the instruct tunes ruin creative writing every time.,OPINION,
"Bigger context windows are a trap, they make models lazier.",OPINION,
DeepSeek's license is the only thing holding it back from total dominance.,OPINION,
"Local is the only ethical way to run these, cloud is surveillance.",OPINION,
The top 5 models are all the same thing with different stickers.,OPINION,
Meta peaked at Llama 3 and it's downhill from here.,OPINION,
"4-bit is fine, anyone obsessing over quants is wasting their life.",OPINION,
Honestly the multimodal stuff is a distraction from making text better.,OPINION,
This is going to age like milk.,OPINION,
The only real metric is vibes and everyone pretending otherwise is lying.,OPINION,the 'metric is vibes' is an assertion with no support -> OPINION
Qwen's going to be banned in the US and that's the real story.,OPINION,
Honestly we hit diminishing returns on model size a year ago.,OPINION,
Every lab is just chasing benchmarks now instead of real capability.,OPINION,
The 32B sweet spot is the only thing worth your download time.,OPINION,
Open models are a national security issue and people ignore it.,OPINION,
This release proves the gap with closed models is basically gone.,OPINION,
Honestly fine-tuning your own model is a rite of passage that teaches nothing.,OPINION,
"The future is tiny specialized models, not giant generalists.",OPINION,
"Mistral's comeback is overstated, they're still behind.",OPINION,
Honestly nobody outside this sub will ever run a local model.,OPINION,
"The new architecture is a fad, transformers aren't going anywhere.",OPINION,
Quantized models always feel 'off' no matter what the perplexity says.,OPINION,"vague feeling, no measurement offered -> OPINION"
"This is the best local model ever made, period.",OPINION,
Honestly the leaderboard top spot changes too fast to mean anything.,OPINION,
Llama is going to lose the open crown to Qwen this year.,OPINION,
The whole 'agentic' framing is marketing fluff.,OPINION,
"Bigger models are just memorizing more, not reasoning better.",OPINION,
Gemma 4 26b a4b is genuinely the best model I have tried for language learning and scientific queries!,OPINION,
"I use Qwen 27b or 35b depending… for coding and use Gemma 4 for everything else especially for creative writing. But for agent tasks Gemma is about 50% as good as Qwen, for coding it’s maybe 60-70% at least in my experience.",OPINION,
first,REACTION_NOISE,
we are so back 🚀,REACTION_NOISE,
lol we're so cooked 💀,REACTION_NOISE,
finally,REACTION_NOISE,
this,REACTION_NOISE,
based,REACTION_NOISE,
"instant download, thanks OP 🙏",REACTION_NOISE,
why is every thread like this now,REACTION_NOISE,
RIP my SSD,REACTION_NOISE,
my 3090 is sweating just reading this,REACTION_NOISE,
here we go again,REACTION_NOISE,
the duke of download has arrived,REACTION_NOISE,
ggufs when??,REACTION_NOISE,"bare request, no claim -> REACTION_NOISE"
can it run crysis,REACTION_NOISE,
local llama stays winning 🏆,REACTION_NOISE,
anyone else getting OOM on 70B?,REACTION_NOISE,"bare question, no claim -> REACTION_NOISE"
imagine explaining this hobby to your family,REACTION_NOISE,
"downloading now, will report back",REACTION_NOISE,
my wallet is crying,REACTION_NOISE,
zucc delivered 🤝,REACTION_NOISE,
what a time to be alive,REACTION_NOISE,
brb selling a kidney for another 3090,REACTION_NOISE,
the absolute madlads,REACTION_NOISE,
it's joever,REACTION_NOISE,
petition to rename the sub to r/downloadanxiety,REACTION_NOISE,
👀,REACTION_NOISE,
hyped,REACTION_NOISE,
crying in 8GB VRAM,REACTION_NOISE,
real ones remember llama 1,REACTION_NOISE,
ok this is actually insane,REACTION_NOISE,
take my upvote and leave,REACTION_NOISE,
waiting for the bartowski quants like 🍿,REACTION_NOISE,
mods pin this,REACTION_NOISE,
another day another model i won't have time to try,REACTION_NOISE,
this thread is gold lmao,REACTION_NOISE,
goodbye productivity,REACTION_NOISE,
the gguf gods are pleased,REACTION_NOISE,
not me refreshing huggingface every 5 min,REACTION_NOISE,
W release,REACTION_NOISE,
L take but ok,REACTION_NOISE,reacts to a take but asserts nothing itself -> REACTION_NOISE
happy cake day,REACTION_NOISE,
anyone have a mirror? hf is down,REACTION_NOISE,
my poor laptop fans,REACTION_NOISE,
peak fiction right here,REACTION_NOISE,
can't wait to not understand any of this,REACTION_NOISE,
the comments here never disappoint,REACTION_NOISE,
saving this for later,REACTION_NOISE,
3am and i'm downloading models again,REACTION_NOISE,
send help my drive is full,REACTION_NOISE,
guess i'm not sleeping tonight,REACTION_NOISE,
why are we all like this,REACTION_NOISE,
the timeline is healing,REACTION_NOISE,
op cooking 🔥,REACTION_NOISE,
legend,REACTION_NOISE,
i have no idea what this means but i'm excited,REACTION_NOISE,
every single thread is the same arguments lol,REACTION_NOISE,meta-complaint about the sub -> REACTION_NOISE
praise be to the open weights,REACTION_NOISE,
touch grass everyone (after you download this),REACTION_NOISE,
does anyone actually read the model cards,REACTION_NOISE,
my electricity bill in shambles,REACTION_NOISE,
the real model was the friends we made along the way,REACTION_NOISE,
upvoted before reading,REACTION_NOISE,
can we get a megathread for this,REACTION_NOISE,
inb4 100 'which model for my 8GB card' posts,REACTION_NOISE,
the vram wars continue,REACTION_NOISE,
ngl this community is unhinged and i love it,REACTION_NOISE,
wen 1B that beats gpt4 /s,REACTION_NOISE,
another banger from this lab,REACTION_NOISE,
this is the way,REACTION_NOISE,
bartowski we love you 🙏,REACTION_NOISE,
"downloading at 2MB/s, pain",REACTION_NOISE,
my GPU just sighed audibly,REACTION_NOISE,
ok who's gonna make the gguf,REACTION_NOISE,"bare request, no claim -> REACTION_NOISE"
this thread escalated quickly lol,REACTION_NOISE,
"instructions unclear, downloaded 4 more models",REACTION_NOISE,
the hype is hyping,REACTION_NOISE,
3090 gang where you at,REACTION_NOISE,
can it run on a potato?,REACTION_NOISE,
brb clearing 200GB of old quants,REACTION_NOISE,
we eating good tonight 🍽️,REACTION_NOISE,
not the flair wars again,REACTION_NOISE,
rip to my data cap,REACTION_NOISE,
the goat has spoken,REACTION_NOISE,
ngmi without 48GB vram,REACTION_NOISE,
any mirrors? site's hugged to death,REACTION_NOISE,
i understood some of those words,REACTION_NOISE,
local llama supremacy 🦙,REACTION_NOISE,
my fans achieving liftoff,REACTION_NOISE,
here for the comments tbh,REACTION_NOISE,
wen apple silicon support,REACTION_NOISE,bare request -> REACTION_NOISE
another night lost to benchmarks,REACTION_NOISE,
the prophecy is fulfilled,REACTION_NOISE,
upvote farming but i respect it,REACTION_NOISE,
who hurt the OP lmao,REACTION_NOISE,
this is fine 🔥🐕☕,REACTION_NOISE,
downloading on principle alone,REACTION_NOISE,
vram check: still not enough,REACTION_NOISE,
the duke returns,REACTION_NOISE,
crying and downloading simultaneously,REACTION_NOISE,
does this run in koboldcpp yet,REACTION_NOISE,"bare question, no claim -> REACTION_NOISE"
ok last model i swear,REACTION_NOISE,
the timeline never sleeps,REACTION_NOISE,
petition for a 'i have 8gb' support group,REACTION_NOISE,
based and quantpilled,REACTION_NOISE,
my electricity provider sends regards,REACTION_NOISE,
hugging face stays winning,REACTION_NOISE,
can someone eli5 this for the 8gb peasants,REACTION_NOISE,
i came here to argue and i'm leaving disappointed,REACTION_NOISE,
the real ones know,REACTION_NOISE,
zucc once again providing,REACTION_NOISE,
my ssd filed a complaint,REACTION_NOISE,
waiting for the inevitable drama in the comments,REACTION_NOISE,
local > cloud and i won't elaborate,REACTION_NOISE,"refuses to elaborate, no actual claim-support -> REACTION_NOISE"
"another day, another 'is this the gpt4 killer' post",REACTION_NOISE,meta-complaint -> REACTION_NOISE
downloading like it's black friday,REACTION_NOISE,
the gguf will come to those who wait,REACTION_NOISE,
my poor 1060 watching this thread,REACTION_NOISE,
"respectfully, what",REACTION_NOISE,
hype train has no brakes 🚂,REACTION_NOISE,
i have ascended,REACTION_NOISE,
save me bartowski quants,REACTION_NOISE,
the comments are the real model card,REACTION_NOISE,
touch grass? in this economy?,REACTION_NOISE,
op really said 'here's a model' and left,REACTION_NOISE,
my benchmarks folder is now a personality,REACTION_NOISE,
we are NOT cooked we are chefs,REACTION_NOISE,
inb4 someone asks for the uncensored version,REACTION_NOISE,
this is peak r/localllama and i mean that,REACTION_NOISE,
not me downloading at 3am again,REACTION_NOISE,
the lurkers are stirring,REACTION_NOISE,
real recognize real,REACTION_NOISE,
my wallet left the chat,REACTION_NOISE,
can we pin the 'which model for X' faq already,REACTION_NOISE,meta request -> REACTION_NOISE
"download now, regret later",REACTION_NOISE,
the vram gods demand sacrifice,REACTION_NOISE,
i'm just here for the benchmarks i won't run,REACTION_NOISE,
another classic localllama moment,REACTION_NOISE,
"ok this thread is unhinged, carry on",REACTION_NOISE,
"hf down again, name a more iconic duo",REACTION_NOISE,
guess i'm rebuilding llama.cpp again,REACTION_NOISE,
the eternal 'q4 vs q5' discourse continues,REACTION_NOISE,meta-complaint about recurring discourse -> REACTION_NOISE
my gpu and i are not okay,REACTION_NOISE,
first time? (it's never the last time),REACTION_NOISE,
"upvoted, downloaded, confused",REACTION_NOISE,
"local model, big dreams",REACTION_NOISE,
the saga continues,REACTION_NOISE,
brb telling my wife i need another gpu,REACTION_NOISE,
we ball regardless of vram,REACTION_NOISE,
this is why i can't have nice storage,REACTION_NOISE,
